order_id,customer_id,order_date,status
536365,17850,2010-12-01,paid
536366,17850,2010-12-01,paid
536367,13047,2010-12-01,paid
536368,13047,2010-12-01,paid
536369,13047,2010-12-01,paid
536370,12583,2010-12-01,paid
536371,13748,2010-12-01,paid
536372,17850,2010-12-01,paid
536373,17850,2010-12-01,paid
536374,15100,2010-12-01,paid
536375,17850,2010-12-01,paid
536376,15291,2010-12-01,paid
536377,17850,2010-12-01,paid
536378,14688,2010-12-01,paid
536380,17809,2010-12-01,paid
536381,15311,2010-12-01,paid
536382,16098,2010-12-01,paid
536384,18074,2010-12-01,paid
536385,17420,2010-12-01,paid
536386,16029,2010-12-01,paid
536387,16029,2010-12-01,paid
536388,16250,2010-12-01,paid
536389,12431,2010-12-01,paid
536390,17511,2010-12-01,paid
536392,13705,2010-12-01,paid
536393,13747,2010-12-01,paid
536394,13408,2010-12-01,paid
536395,13767,2010-12-01,paid
536396,17850,2010-12-01,paid
536397,17924,2010-12-01,paid
536398,13448,2010-12-01,paid
536399,17850,2010-12-01,paid
536400,13448,2010-12-01,paid
536401,15862,2010-12-01,paid
536402,15513,2010-12-01,paid
536403,12791,2010-12-01,paid
536404,16218,2010-12-01,paid
536405,14045,2010-12-01,paid
536406,17850,2010-12-01,paid
536407,17850,2010-12-01,paid
536408,14307,2010-12-01,paid
536409,17908,2010-12-01,paid
536412,17920,2010-12-01,paid
536415,12838,2010-12-01,paid
536416,13255,2010-12-01,paid
536420,16583,2010-12-01,paid
536423,18085,2010-12-01,paid
536425,13758,2010-12-01,paid
536437,13694,2010-12-01,paid
536446,15983,2010-12-01,paid
536460,14849,2010-12-01,paid
536463,14849,2010-12-01,paid
536464,17968,2010-12-01,paid
536466,14849,2010-12-01,paid
536477,16210,2010-12-01,paid
536488,17897,2010-12-01,paid
536500,17377,2010-12-01,paid
536502,16552,2010-12-01,paid
536508,17181,2010-12-01,paid
536514,17951,2010-12-01,paid
536520,14729,2010-12-01,paid
536521,12748,2010-12-01,paid
536522,15012,2010-12-01,paid
536523,12868,2010-12-01,paid
536524,17572,2010-12-01,paid
536525,14078,2010-12-01,paid
536526,14001,2010-12-01,paid
536527,12662,2010-12-01,paid
536528,15525,2010-12-01,paid
536529,14237,2010-12-01,paid
536530,17905,2010-12-01,paid
536531,15485,2010-12-01,paid
536532,12433,2010-12-01,paid
536533,16955,2010-12-01,paid
536534,15350,2010-12-01,paid
536535,15605,2010-12-01,paid
536536,18144,2010-12-01,paid
536537,15922,2010-12-01,paid
536538,14594,2010-12-01,paid
536539,15165,2010-12-01,paid
536540,14911,2010-12-01,paid
536541,14911,2010-12-01,paid
536542,16456,2010-12-01,paid
536551,17346,2010-12-01,paid
536556,17643,2010-12-01,paid
536557,17841,2010-12-01,paid
536559,17873,2010-12-01,paid
536560,13093,2010-12-01,paid
536561,12921,2010-12-01,paid
536562,13468,2010-12-01,paid
536563,17760,2010-12-01,paid
536564,13468,2010-12-01,paid
536566,16928,2010-12-01,paid
536567,16048,2010-12-01,paid
536568,16048,2010-12-01,paid
536569,16274,2010-12-01,paid
536570,14496,2010-12-01,paid
536571,14696,2010-12-01,paid
536572,16539,2010-12-01,paid
536573,17025,2010-12-01,paid
536574,17025,2010-12-01,paid
536575,13777,2010-12-01,paid
536576,13777,2010-12-01,paid
536577,13777,2010-12-01,paid
536578,17690,2010-12-01,paid
536579,13777,2010-12-01,paid
536580,17690,2010-12-01,paid
536581,13777,2010-12-01,paid
536582,12947,2010-12-01,paid
536583,13777,2010-12-01,paid
536584,13777,2010-12-01,paid
536585,17460,2010-12-01,paid
536586,18229,2010-12-01,paid
536587,14142,2010-12-01,paid
536588,17069,2010-12-01,paid
536590,13065,2010-12-01,paid
536591,14606,2010-12-01,paid
536593,16835,2010-12-01,paid
536594,15235,2010-12-01,paid
536595,13576,2010-12-01,paid
536597,18011,2010-12-01,paid
536598,13090,2010-12-02,paid
536599,15694,2010-12-02,paid
536600,17850,2010-12-02,paid
536601,17850,2010-12-02,paid
536602,17850,2010-12-02,paid
536603,17850,2010-12-02,paid
536604,14741,2010-12-02,paid
536605,13715,2010-12-02,paid
536607,17732,2010-12-02,paid
536608,12855,2010-12-02,paid
536609,17850,2010-12-02,paid
536610,17850,2010-12-02,paid
536611,15752,2010-12-02,paid
536612,17850,2010-12-02,paid
536613,17855,2010-12-02,paid
536614,17850,2010-12-02,paid
536615,14047,2010-12-02,paid
536616,17925,2010-12-02,paid
536617,13941,2010-12-02,paid
536618,17017,2010-12-02,paid
536619,17017,2010-12-02,paid
536620,14135,2010-12-02,paid
536621,13108,2010-12-02,paid
536623,15601,2010-12-02,paid
536624,13418,2010-12-02,paid
536626,13418,2010-12-02,paid
536627,15658,2010-12-02,paid
536628,17850,2010-12-02,paid
536629,17850,2010-12-02,paid
536630,17850,2010-12-02,paid
536631,17850,2010-12-02,paid
536632,14388,2010-12-02,paid
536633,14901,2010-12-02,paid
536634,18041,2010-12-02,paid
536635,15955,2010-12-02,paid
536636,15070,2010-12-02,paid
536637,18041,2010-12-02,paid
536638,16244,2010-12-02,paid
536639,15111,2010-12-02,paid
536641,12748,2010-12-02,paid
536643,14390,2010-12-02,paid
536663,16546,2010-12-02,paid
536667,15260,2010-12-02,paid
536670,15260,2010-12-02,paid
536671,13305,2010-12-02,paid
536672,14491,2010-12-02,paid
536673,14060,2010-12-02,paid
536674,15923,2010-12-02,paid
536676,16752,2010-12-02,paid
536681,17287,2010-12-02,paid
536685,17850,2010-12-02,paid
536688,17850,2010-12-02,paid
536690,17850,2010-12-02,paid
536693,17850,2010-12-02,paid
536698,15363,2010-12-02,paid
536707,12915,2010-12-02,paid
536732,15544,2010-12-02,paid
536733,15738,2010-12-02,paid
536735,17381,2010-12-02,paid
536736,17381,2010-12-02,paid
536738,15827,2010-12-02,paid
536739,14180,2010-12-02,paid
536740,15827,2010-12-02,paid
536741,13117,2010-12-02,paid
536742,16916,2010-12-02,paid
536743,17964,2010-12-02,paid
536744,14466,2010-12-02,paid
536745,17235,2010-12-02,paid
536746,16510,2010-12-02,paid
536747,17802,2010-12-02,paid
536748,15107,2010-12-02,paid
536749,17976,2010-12-02,paid
536750,17850,2010-12-02,paid
536751,17850,2010-12-02,paid
536752,17850,2010-12-02,paid
536753,17850,2010-12-02,paid
536754,14449,2010-12-02,paid
536759,16781,2010-12-02,paid
536761,13491,2010-12-02,paid
536762,16186,2010-12-02,paid
536763,17685,2010-12-02,paid
536769,17581,2010-12-02,paid
536771,17581,2010-12-02,paid
536777,15732,2010-12-02,paid
536778,13138,2010-12-02,paid
536779,15823,2010-12-02,paid
536781,17460,2010-12-02,paid
536782,17567,2010-12-02,paid
536783,15061,2010-12-02,paid
536784,15061,2010-12-02,paid
536785,15061,2010-12-02,paid
536786,15061,2010-12-02,paid
536787,17850,2010-12-02,paid
536788,15061,2010-12-02,paid
536789,17850,2010-12-02,paid
536790,17850,2010-12-02,paid
536791,17850,2010-12-02,paid
536792,15061,2010-12-02,paid
536793,16203,2010-12-02,paid
536794,13767,2010-12-02,paid
536795,15640,2010-12-02,paid
536796,15574,2010-12-02,paid
536797,16770,2010-12-02,paid
536798,17838,2010-12-02,paid
536799,17228,2010-12-02,paid
536800,14829,2010-12-02,paid
536802,17412,2010-12-02,paid
536803,14911,2010-12-02,paid
536804,14031,2010-12-02,paid
536805,14775,2010-12-02,paid
536806,12971,2010-12-02,paid
536808,17659,2010-12-02,paid
536809,15299,2010-12-02,paid
536810,15299,2010-12-02,paid
536811,15299,2010-12-02,paid
536813,15646,2010-12-02,paid
536819,13402,2010-12-02,paid
536821,17757,2010-12-02,paid
536823,13011,2010-12-02,paid
536824,13798,2010-12-02,paid
536830,16754,2010-12-02,paid
536831,16029,2010-12-02,paid
536832,16634,2010-12-02,paid
536833,18239,2010-12-02,paid
536834,14576,2010-12-02,paid
536835,13145,2010-12-02,paid
536836,18168,2010-12-02,paid
536837,14395,2010-12-02,paid
536838,14865,2010-12-02,paid
536839,15093,2010-12-02,paid
536840,12738,2010-12-02,paid
536841,16150,2010-12-02,paid
536842,17552,2010-12-02,paid
536843,17552,2010-12-02,paid
536844,14236,2010-12-02,paid
536845,17961,2010-12-02,paid
536846,14573,2010-12-02,paid
536847,17135,2010-12-03,paid
536848,13408,2010-12-03,paid
536849,17396,2010-12-03,paid
536851,12967,2010-12-03,paid
536852,12686,2010-12-03,paid
536856,13370,2010-12-03,paid
536857,16883,2010-12-03,paid
536858,13520,2010-12-03,paid
536859,12841,2010-12-03,paid
536860,16905,2010-12-03,paid
536861,12427,2010-12-03,paid
536863,17967,2010-12-03,paid
536874,16891,2010-12-03,paid
536884,14589,2010-12-03,paid
536890,14156,2010-12-03,paid
536938,14680,2010-12-03,paid
536943,17884,2010-12-03,paid
536944,12557,2010-12-03,paid
536945,14083,2010-12-03,paid
536946,13013,2010-12-03,paid
536947,13013,2010-12-03,paid
536954,17809,2010-12-03,paid
536956,14210,2010-12-03,paid
536957,17809,2010-12-03,paid
536960,16477,2010-12-03,paid
536967,12600,2010-12-03,paid
536968,16013,2010-12-03,paid
536969,16013,2010-12-03,paid
536970,17949,2010-12-03,paid
536971,12779,2010-12-03,paid
536972,16926,2010-12-03,paid
536973,17787,2010-12-03,paid
536974,12682,2010-12-03,paid
536975,14911,2010-12-03,paid
536976,14723,2010-12-03,paid
536977,17954,2010-12-03,paid
536980,17819,2010-12-03,paid
536981,14723,2010-12-03,paid
536983,12712,2010-12-03,paid
536984,17841,2010-12-03,paid
536985,15373,2010-12-03,paid
536986,16140,2010-12-03,paid
536987,17198,2010-12-03,paid
536988,17238,2010-12-03,paid
536989,17238,2010-12-03,paid
536990,12793,2010-12-03,paid
536992,15769,2010-12-03,paid
536993,14396,2010-12-03,paid
536994,14898,2010-12-03,paid
537022,12725,2010-12-03,paid
537023,16725,2010-12-03,paid
537026,12395,2010-12-03,paid
537030,16455,2010-12-03,paid
537031,16455,2010-12-03,paid
537034,13081,2010-12-03,paid
537035,13081,2010-12-03,paid
537036,15545,2010-12-03,paid
537037,17243,2010-12-05,paid
537038,15465,2010-12-05,paid
537040,13089,2010-12-05,paid
537041,16033,2010-12-05,paid
537042,13838,2010-12-05,paid
537044,18055,2010-12-05,paid
537045,15038,2010-12-05,paid
537046,18109,2010-12-05,paid
537047,13069,2010-12-05,paid
537048,13069,2010-12-05,paid
537049,16241,2010-12-05,paid
537050,14800,2010-12-05,paid
537051,15708,2010-12-05,paid
537052,16839,2010-12-05,paid
537053,16168,2010-12-05,paid
537054,16931,2010-12-05,paid
537055,16814,2010-12-05,paid
537057,15351,2010-12-05,paid
537058,13269,2010-12-05,paid
537059,14813,2010-12-05,paid
537065,12567,2010-12-05,paid
537067,14813,2010-12-05,paid
537077,17062,2010-12-05,paid
537081,15332,2010-12-05,paid
537086,15332,2010-12-05,paid
537090,15332,2010-12-05,paid
537111,14810,2010-12-05,paid
537117,16353,2010-12-05,paid
537126,18118,2010-12-05,paid
537127,13831,2010-12-05,paid
537128,12841,2010-12-05,paid
537129,13506,2010-12-05,paid
537130,17796,2010-12-05,paid
537131,15716,2010-12-05,paid
537133,18156,2010-12-05,paid
537134,16983,2010-12-05,paid
537135,17059,2010-12-05,paid
537136,12748,2010-12-05,paid
537137,16327,2010-12-05,paid
537138,17211,2010-12-05,paid
537139,17026,2010-12-05,paid
537140,12748,2010-12-05,paid
537141,15570,2010-12-05,paid
537142,12748,2010-12-05,paid
537144,15880,2010-12-05,paid
537153,16718,2010-12-05,paid
537154,15808,2010-12-05,paid
537155,12748,2010-12-05,paid
537156,17858,2010-12-05,paid
537158,16393,2010-12-05,paid
537159,14527,2010-12-05,paid
537160,14161,2010-12-05,paid
537163,17863,2010-12-05,paid
537176,16411,2010-12-05,paid
537179,13767,2010-12-05,paid
537192,16402,2010-12-05,paid
537193,15023,2010-12-05,paid
537194,17402,2010-12-05,paid
537195,15311,2010-12-05,paid
537196,15426,2010-12-05,paid
537197,12647,2010-12-05,paid
537198,12647,2010-12-05,paid
537199,15894,2010-12-05,paid
537200,15867,2010-12-05,paid
537201,12472,2010-12-05,paid
537202,14506,2010-12-05,paid
537204,15555,2010-12-05,paid
537205,13034,2010-12-05,paid
537206,15235,2010-12-05,paid
537207,17402,2010-12-05,paid
537208,15889,2010-12-05,paid
537209,14606,2010-12-05,paid
537210,15953,2010-12-05,paid
537211,16143,2010-12-05,paid
537212,12720,2010-12-05,paid
537213,12748,2010-12-05,paid
537214,16422,2010-12-05,paid
537215,12747,2010-12-05,paid
537216,15502,2010-12-05,paid
537217,15502,2010-12-05,paid
537218,12763,2010-12-05,paid
537219,14081,2010-12-05,paid
537221,17965,2010-12-05,paid
537222,14404,2010-12-05,paid
537223,13579,2010-12-05,paid
537224,13174,2010-12-05,paid
537225,12748,2010-12-05,paid
537226,15987,2010-12-06,paid
537227,17677,2010-12-06,paid
537228,17677,2010-12-06,paid
537229,17677,2010-12-06,paid
537231,13652,2010-12-06,paid
537233,17428,2010-12-06,paid
537235,17381,2010-12-06,paid
537236,16858,2010-12-06,paid
537238,16161,2010-12-06,paid
537239,18219,2010-12-06,paid
537241,14293,2010-12-06,paid
537242,14748,2010-12-06,paid
537243,16638,2010-12-06,paid
537244,17674,2010-12-06,paid
537245,14748,2010-12-06,paid
537246,12808,2010-12-06,paid
537247,13094,2010-12-06,paid
537248,15899,2010-12-06,paid
537249,16955,2010-12-06,paid
537250,12708,2010-12-06,paid
537254,15898,2010-12-06,paid
537255,14443,2010-12-06,paid
537256,16210,2010-12-06,paid
537257,17691,2010-12-06,paid
537258,17227,2010-12-06,paid
537262,15039,2010-12-06,paid
537265,15919,2010-12-06,paid
537298,13497,2010-12-06,paid
537301,15860,2010-12-06,paid
537312,14189,2010-12-06,paid
537313,15304,2010-12-06,paid
537332,14344,2010-12-06,paid
537334,16719,2010-12-06,paid
537335,15048,2010-12-06,paid
537346,15301,2010-12-06,paid
537350,14708,2010-12-06,paid
537351,16898,2010-12-06,paid
537354,12748,2010-12-06,paid
537359,14825,2010-12-06,paid
537360,18113,2010-12-06,paid
537362,17596,2010-12-06,paid
537365,15078,2010-12-06,paid
537366,14085,2010-12-06,paid
537367,15078,2010-12-06,paid
537368,14911,2010-12-06,paid
537369,17860,2010-12-06,paid
537370,13155,2010-12-06,paid
537371,15028,2010-12-06,paid
537372,16919,2010-12-06,paid
537374,17259,2010-12-06,paid
537375,17019,2010-12-06,paid
537376,16722,2010-12-06,paid
537377,15882,2010-12-06,paid
537378,14911,2010-12-06,paid
537380,15882,2010-12-06,paid
537381,14667,2010-12-06,paid
537382,16710,2010-12-06,paid
537384,15984,2010-12-06,paid
537385,14487,2010-12-06,paid
537386,14911,2010-12-06,paid
537387,13468,2010-12-06,paid
537388,17682,2010-12-06,paid
537389,17757,2010-12-06,paid
537390,16658,2010-12-06,paid
537391,16550,2010-12-06,paid
537392,17068,2010-12-06,paid
537393,13089,2010-12-06,paid
537394,13089,2010-12-06,paid
537395,15356,2010-12-06,paid
537396,17223,2010-12-06,paid
537397,16817,2010-12-06,paid
537399,13030,2010-12-06,paid
537400,17191,2010-12-06,paid
537403,17191,2010-12-06,paid
537404,17191,2010-12-06,paid
537405,17841,2010-12-06,paid
537407,15502,2010-12-06,paid
537409,15194,2010-12-06,paid
537410,14409,2010-12-06,paid
537412,14409,2010-12-06,paid
537415,16654,2010-12-06,paid
537418,17884,2010-12-06,paid
537419,13495,2010-12-06,paid
537420,17519,2010-12-06,paid
537421,17218,2010-12-06,paid
537422,17812,2010-12-06,paid
537423,14215,2010-12-06,paid
537424,15602,2010-12-06,paid
537428,17320,2010-12-06,paid
537429,12748,2010-12-06,paid
537433,12913,2010-12-06,paid
537435,17920,2010-12-06,paid
537440,17869,2010-12-06,paid
537441,13564,2010-12-06,paid
537446,18055,2010-12-07,paid
537447,13963,2010-12-07,paid
537448,17450,2010-12-07,paid
537456,17450,2010-12-07,paid
537457,17511,2010-12-07,paid
537458,17091,2010-12-07,paid
537459,17470,2010-12-07,paid
537460,17616,2010-12-07,paid
537461,15649,2010-12-07,paid
537462,17228,2010-12-07,paid
537463,12681,2010-12-07,paid
537464,14907,2010-12-07,paid
537465,17735,2010-12-07,paid
537467,16059,2010-12-07,paid
537468,12567,2010-12-07,paid
537469,17720,2010-12-07,paid
537470,15018,2010-12-07,paid
537471,14344,2010-12-07,paid
537472,12971,2010-12-07,paid
537476,15838,2010-12-07,paid
537484,14733,2010-12-07,paid
537489,17017,2010-12-07,paid
537509,13756,2010-12-07,paid
537523,14176,2010-12-07,paid
537538,15353,2010-12-07,paid
537567,18119,2010-12-07,paid
537592,17491,2010-12-07,paid
537593,14282,2010-12-07,paid
537594,12647,2010-12-07,paid
537595,13569,2010-12-07,paid
537598,14135,2010-12-07,paid
537599,17954,2010-12-07,paid
537601,17287,2010-12-07,paid
537603,14673,2010-12-07,paid
537604,13488,2010-12-07,paid
537605,16221,2010-12-07,paid
537606,15002,2010-12-07,paid
537607,15965,2010-12-07,paid
537608,15024,2010-12-07,paid
537609,17675,2010-12-07,paid
537612,13769,2010-12-07,paid
537614,16904,2010-12-07,paid
537615,15898,2010-12-07,paid
537616,16904,2010-12-07,paid
537617,16086,2010-12-07,paid
537618,15061,2010-12-07,paid
537619,13786,2010-12-07,paid
537620,13880,2010-12-07,paid
537622,13173,2010-12-07,paid
537623,15858,2010-12-07,paid
537624,12748,2010-12-07,paid
537625,15180,2010-12-07,paid
537626,12347,2010-12-07,paid
537627,14739,2010-12-07,paid
537628,16293,2010-12-07,paid
537629,17419,2010-12-07,paid
537631,17419,2010-12-07,paid
537634,16775,2010-12-07,paid
537635,16306,2010-12-07,paid
537636,16950,2010-12-07,paid
537646,17591,2010-12-07,paid
537648,12839,2010-12-07,paid
537649,13807,2010-12-07,paid
537650,16125,2010-12-07,paid
537653,17897,2010-12-07,paid
537655,15081,2010-12-07,paid
537657,18102,2010-12-07,paid
537658,18102,2010-12-07,paid
537659,18102,2010-12-07,paid
537664,15024,2010-12-07,paid
537665,16365,2010-12-07,paid
537667,17870,2010-12-08,paid
537668,14821,2010-12-08,paid
537669,16863,2010-12-08,paid
537670,13078,2010-12-08,paid
537671,13267,2010-12-08,paid
537672,13050,2010-12-08,paid
537673,12709,2010-12-08,paid
537674,15628,2010-12-08,paid
537676,12386,2010-12-08,paid
537678,16779,2010-12-08,paid
537680,13599,2010-12-08,paid
537681,13329,2010-12-08,paid
537682,13599,2010-12-08,paid
537683,12921,2010-12-08,paid
537685,18077,2010-12-08,paid
537686,14744,2010-12-08,paid
537688,17406,2010-12-08,paid
537689,15750,2010-12-08,paid
537690,13983,2010-12-08,paid
537691,13842,2010-12-08,paid
537692,14796,2010-12-08,paid
537693,12441,2010-12-08,paid
537694,14901,2010-12-08,paid
537698,13199,2010-12-08,paid
537700,18229,2010-12-08,paid
537707,14032,2010-12-08,paid
537738,17706,2010-12-08,paid
537743,17706,2010-12-08,paid
537751,17706,2010-12-08,paid
537754,16081,2010-12-08,paid
537755,16525,2010-12-08,paid
537757,17975,2010-12-08,paid
537758,16122,2010-12-08,paid
537759,13126,2010-12-08,paid
537760,15973,2010-12-08,paid
537761,13126,2010-12-08,paid
537762,16558,2010-12-08,paid
537764,16893,2010-12-08,paid
537765,14606,2010-12-08,paid
537766,17677,2010-12-08,paid
537767,15100,2010-12-08,paid
537768,15750,2010-12-08,paid
537769,15021,2010-12-08,paid
537770,15529,2010-12-08,paid
537771,15498,2010-12-08,paid
537772,18043,2010-12-08,paid
537773,16016,2010-12-08,paid
537774,14060,2010-12-08,paid
537775,17722,2010-12-08,paid
537780,17324,2010-12-08,paid
537781,17341,2010-12-08,paid
537789,14051,2010-12-08,paid
537791,16233,2010-12-08,paid
537792,16385,2010-12-08,paid
537793,15032,2010-12-08,paid
537794,16713,2010-12-08,paid
537795,17213,2010-12-08,paid
537796,18061,2010-12-08,paid
537799,15916,2010-12-08,paid
537800,12748,2010-12-08,paid
537801,15221,2010-12-08,paid
537802,13455,2010-12-08,paid
537803,15916,2010-12-08,paid
537804,12748,2010-12-08,paid
537806,13113,2010-12-08,paid
537808,15311,2010-12-08,paid
537809,14217,2010-12-08,paid
537810,15032,2010-12-08,paid
537811,17262,2010-12-08,paid
537813,18259,2010-12-08,paid
537815,17676,2010-12-08,paid
537816,16679,2010-12-08,paid
537817,18269,2010-12-08,paid
537818,12766,2010-12-08,paid
537819,15298,2010-12-08,paid
537822,13523,2010-12-08,paid
537825,15005,2010-12-08,paid
537826,15581,2010-12-08,paid
537827,15332,2010-12-08,paid
537828,15680,2010-12-08,paid
537829,15498,2010-12-08,paid
537830,13649,2010-12-08,paid
537831,17894,2010-12-08,paid
537833,13270,2010-12-08,paid
537836,14866,2010-12-08,paid
537837,13077,2010-12-08,paid
537840,13531,2010-12-08,paid
537841,13848,2010-12-08,paid
537842,13140,2010-12-08,paid
537843,15713,2010-12-08,paid
537844,17999,2010-12-08,paid
537845,17690,2010-12-08,paid
537846,15347,2010-12-08,paid
537847,14766,2010-12-08,paid
537848,13777,2010-12-08,paid
537849,13777,2010-12-08,paid
537850,16722,2010-12-08,paid
537851,13758,2010-12-08,paid
537852,17340,2010-12-08,paid
537854,13984,2010-12-08,paid
537855,15996,2010-12-08,paid
537859,14030,2010-12-08,paid
537861,16596,2010-12-08,paid
537862,12971,2010-12-08,paid
537863,14030,2010-12-08,paid
537864,16700,2010-12-08,paid
537865,16011,2010-12-08,paid
537866,17655,2010-12-08,paid
537867,16717,2010-12-08,paid
537868,12433,2010-12-08,paid
537871,12748,2010-12-08,paid
537879,14243,2010-12-09,paid
537880,12963,2010-12-09,paid
537881,15513,2010-12-09,paid
537882,15079,2010-12-09,paid
537883,14437,2010-12-09,paid
537884,15694,2010-12-09,paid
537885,12942,2010-12-09,paid
537886,15660,2010-12-09,paid
537887,18092,2010-12-09,paid
537888,15358,2010-12-09,paid
537889,13319,2010-12-09,paid
537890,15358,2010-12-09,paid
537891,13319,2010-12-09,paid
537892,12481,2010-12-09,paid
537894,12621,2010-12-09,paid
537895,14299,2010-12-09,paid
537896,18071,2010-12-09,paid
537897,12683,2010-12-09,paid
537898,17377,2010-12-09,paid
537899,12755,2010-12-09,paid
537900,15983,2010-12-09,paid
537901,13854,2010-12-09,paid
537915,12797,2010-12-09,paid
537955,16782,2010-12-09,paid
537963,13369,2010-12-09,paid
537967,12494,2010-12-09,paid
537981,17857,2010-12-09,paid
537995,12712,2010-12-09,paid
538000,12748,2010-12-09,paid
538002,14932,2010-12-09,paid
538003,12429,2010-12-09,paid
538005,13090,2010-12-09,paid
538006,14987,2010-12-09,paid
538007,14355,2010-12-09,paid
538008,12683,2010-12-09,paid
538009,14911,2010-12-09,paid
538010,17526,2010-12-09,paid
538011,14896,2010-12-09,paid
538012,14527,2010-12-09,paid
538013,17062,2010-12-09,paid
538014,14440,2010-12-09,paid
538015,13240,2010-12-09,paid
538032,14479,2010-12-09,paid
538035,16065,2010-12-09,paid
538037,17430,2010-12-09,paid
538040,16520,2010-12-09,paid
538048,15945,2010-12-09,paid
538049,12748,2010-12-09,paid
538050,12748,2010-12-09,paid
538051,18041,2010-12-09,paid
538053,15856,2010-12-09,paid
538056,17198,2010-12-09,paid
538057,13102,2010-12-09,paid
538063,18102,2010-12-09,paid
538064,15271,2010-12-09,paid
538065,13982,2010-12-09,paid
538067,15288,2010-12-09,paid
538068,17978,2010-12-09,paid
538069,16795,2010-12-09,paid
538070,16519,2010-12-09,paid
538073,17816,2010-12-09,paid
538076,15311,2010-12-09,paid
538077,14667,2010-12-09,paid
538078,16255,2010-12-09,paid
538079,17671,2010-12-09,paid
538080,17646,2010-12-09,paid
538086,12872,2010-12-09,paid
538087,17339,2010-12-09,paid
538093,12682,2010-12-09,paid
538094,13117,2010-12-09,paid
538095,17097,2010-12-09,paid
538097,15192,2010-12-09,paid
538101,15380,2010-12-09,paid
538104,17950,2010-12-09,paid
538106,17950,2010-12-09,paid
538107,12826,2010-12-09,paid
538108,17456,2010-12-09,paid
538113,15811,2010-12-09,paid
538116,13327,2010-12-09,paid
538117,13327,2010-12-09,paid
538120,17017,2010-12-09,paid
538125,18225,2010-12-09,paid
538126,17838,2010-12-09,paid
538145,15211,2010-12-09,paid
538146,15596,2010-12-09,paid
538147,13090,2010-12-09,paid
538151,16163,2010-12-09,paid
538155,16907,2010-12-09,paid
538156,15555,2010-12-09,paid
538157,17576,2010-12-09,paid
538163,17841,2010-12-09,paid
538165,14031,2010-12-09,paid
538166,17965,2010-12-09,paid
538167,14713,2010-12-09,paid
538168,14702,2010-12-09,paid
538169,13230,2010-12-09,paid
538170,13969,2010-12-09,paid
538171,17530,2010-12-09,paid
538172,15805,2010-12-10,paid
538174,12471,2010-12-10,paid
538175,12471,2010-12-10,paid
538176,17675,2010-12-10,paid
538178,17696,2010-12-10,paid
538179,17696,2010-12-10,paid
538180,13418,2010-12-10,paid
538181,17076,2010-12-10,paid
538182,17827,2010-12-10,paid
538183,16265,2010-12-10,paid
538184,17880,2010-12-10,paid
538185,16265,2010-12-10,paid
538186,13000,2010-12-10,paid
538187,16499,2010-12-10,paid
538190,17790,2010-12-10,paid
538191,15061,2010-12-10,paid
538192,15061,2010-12-10,paid
538193,15061,2010-12-10,paid
538194,17790,2010-12-10,paid
538195,15061,2010-12-10,paid
538196,12731,2010-12-10,paid
538197,14419,2010-12-10,paid
538198,17827,2010-12-10,paid
538199,14082,2010-12-10,paid
538200,17912,2010-12-10,paid
538201,15723,2010-12-10,paid
538202,14667,2010-12-10,paid
538203,13767,2010-12-10,paid
538204,16656,2010-12-10,paid
538205,12748,2010-12-10,paid
538206,17827,2010-12-10,paid
538207,12748,2010-12-10,paid
538208,14037,2010-12-10,paid
538209,12748,2010-12-10,paid
538210,14256,2010-12-10,paid
538211,17690,2010-12-10,paid
538216,14543,2010-12-10,paid
538240,16062,2010-12-10,paid
538248,18116,2010-12-10,paid
538250,18118,2010-12-10,paid
538252,16019,2010-12-10,paid
538255,14911,2010-12-10,paid
538260,18178,2010-12-10,paid
538263,18065,2010-12-10,paid
538268,18065,2010-12-10,paid
538279,14952,2010-12-10,paid
538280,12748,2010-12-10,paid
538283,12748,2010-12-10,paid
538288,12748,2010-12-10,paid
538296,13148,2010-12-10,paid
538306,12989,2010-12-10,paid
538307,14667,2010-12-10,paid
538308,14107,2010-12-10,paid
538309,15881,2010-12-10,paid
538310,15529,2010-12-10,paid
538311,12785,2010-12-10,paid
538312,16727,2010-12-10,paid
538313,15514,2010-12-10,paid
538327,15514,2010-12-10,paid
538342,15514,2010-12-10,paid
538343,13448,2010-12-10,paid
538345,13787,2010-12-10,paid
538346,17865,2010-12-10,paid
538347,17220,2010-12-10,paid
538352,16565,2010-12-10,paid
538353,13798,2010-12-10,paid
538354,16873,2010-12-10,paid
538355,17912,2010-12-10,paid
538356,14062,2010-12-10,paid
538361,17757,2010-12-10,paid
538363,18016,2010-12-10,paid
538364,14448,2010-12-10,paid
538365,17243,2010-12-12,paid
538366,18109,2010-12-12,paid
538367,14800,2010-12-12,paid
538368,15503,2010-12-12,paid
538369,17251,2010-12-12,paid
538370,16923,2010-12-12,paid
538371,15570,2010-12-12,paid
538374,14159,2010-12-12,paid
538378,14577,2010-12-12,paid
538379,17126,2010-12-12,paid
538382,17218,2010-12-12,paid
538397,12753,2010-12-12,paid
538403,17211,2010-12-12,paid
538409,17236,2010-12-12,paid
538417,16393,2010-12-12,paid
538418,17372,2010-12-12,paid
538419,16367,2010-12-12,paid
538420,12875,2010-12-12,paid
538421,17917,2010-12-12,paid
538437,16010,2010-12-12,paid
538449,17085,2010-12-12,paid
538453,16779,2010-12-12,paid
538470,15224,2010-12-12,paid
538473,13668,2010-12-12,paid
538488,13715,2010-12-12,paid
538497,14684,2010-12-12,paid
538499,17819,2010-12-12,paid
538501,13715,2010-12-12,paid
538503,17188,2010-12-12,paid
538504,16011,2010-12-12,paid
538507,15547,2010-12-12,paid
538508,15998,2010-12-12,paid
538509,14413,2010-12-12,paid
538510,18004,2010-12-12,paid
538511,13959,2010-12-12,paid
538512,16665,2010-12-12,paid
538513,15454,2010-12-12,paid
538514,15044,2010-12-12,paid
538515,17937,2010-12-12,paid
538516,14608,2010-12-12,paid
538517,17618,2010-12-12,paid
538518,14505,2010-12-12,paid
538519,18037,2010-12-12,paid
538521,14180,2010-12-13,paid
538522,16210,2010-12-13,paid
538523,13198,2010-12-13,paid
538525,12540,2010-12-13,paid
538526,13225,2010-12-13,paid
538527,15361,2010-12-13,paid
538528,15689,2010-12-13,paid
538529,14290,2010-12-13,paid
538532,13209,2010-12-13,paid
538533,14796,2010-12-13,paid
538534,15881,2010-12-13,paid
538535,17790,2010-12-13,paid
538537,12747,2010-12-13,paid
538541,17428,2010-12-13,paid
538557,17790,2010-12-13,paid
538558,13069,2010-12-13,paid
538565,13069,2010-12-13,paid
538567,13999,2010-12-13,paid
538576,14498,2010-12-13,paid
538591,14741,2010-12-13,paid
538592,15854,2010-12-13,paid
538593,16701,2010-12-13,paid
538594,16927,2010-12-13,paid
538596,17990,2010-12-13,paid
538597,15555,2010-12-13,paid
538625,14544,2010-12-13,paid
538626,17338,2010-12-13,paid
538629,17799,2010-12-13,paid
538630,14565,2010-12-13,paid
538631,13408,2010-12-13,paid
538633,16726,2010-12-13,paid
538634,14085,2010-12-13,paid
538635,17303,2010-12-13,paid
538636,14639,2010-12-13,paid
538637,17611,2010-12-13,paid
538638,17231,2010-12-13,paid
538639,17179,2010-12-13,paid
538640,17524,2010-12-13,paid
538641,15640,2010-12-13,paid
538644,12476,2010-12-13,paid
538645,13269,2010-12-13,paid
538646,17293,2010-12-13,paid
538648,17937,2010-12-13,paid
538651,15311,2010-12-13,paid
538652,17890,2010-12-13,paid
538653,13089,2010-12-13,paid
538654,13089,2010-12-13,paid
538655,17375,2010-12-13,paid
538656,17371,2010-12-13,paid
538657,15867,2010-12-13,paid
538658,17969,2010-12-13,paid
538659,14625,2010-12-13,paid
538660,15808,2010-12-13,paid
538661,15194,2010-12-13,paid
538662,15159,2010-12-13,paid
538663,15159,2010-12-13,paid
538664,14733,2010-12-13,paid
538665,17576,2010-12-13,paid
538667,12748,2010-12-13,paid
538668,13211,2010-12-13,paid
538669,12748,2010-12-13,paid
538671,15777,2010-12-13,paid
538679,16455,2010-12-13,paid
538683,14525,2010-12-13,paid
538685,15694,2010-12-14,paid
538687,13324,2010-12-14,paid
538688,14829,2010-12-14,paid
538689,13050,2010-12-14,paid
538697,13948,2010-12-14,paid
538706,14667,2010-12-14,paid
538707,17894,2010-12-14,paid
538708,16202,2010-12-14,paid
538709,16442,2010-12-14,paid
538710,18075,2010-12-14,paid
538714,14524,2010-12-14,paid
538715,14907,2010-12-14,paid
538716,14907,2010-12-14,paid
538719,15602,2010-12-14,paid
538721,17526,2010-12-14,paid
538722,17975,2010-12-14,paid
538744,15356,2010-12-14,paid
538753,14901,2010-12-14,paid
538783,14961,2010-12-14,paid
538785,14961,2010-12-14,paid
538795,13267,2010-12-14,paid
538796,17041,2010-12-14,paid
538797,17685,2010-12-14,paid
538799,15039,2010-12-14,paid
538800,16458,2010-12-14,paid
538801,16083,2010-12-14,paid
538807,17194,2010-12-14,paid
538808,14057,2010-12-14,paid
538809,15514,2010-12-14,paid
538810,14871,2010-12-14,paid
538811,13178,2010-12-14,paid
538812,18044,2010-12-14,paid
538814,15983,2010-12-14,paid
538815,18219,2010-12-14,paid
538816,16812,2010-12-14,paid
538817,16191,2010-12-14,paid
538826,12370,2010-12-14,paid
538827,14298,2010-12-14,paid
538828,14298,2010-12-14,paid
538829,16191,2010-12-14,paid
538830,14298,2010-12-14,paid
538831,18144,2010-12-14,paid
538832,17158,2010-12-14,paid
538836,12748,2010-12-14,paid
538839,14606,2010-12-14,paid
538841,16899,2010-12-14,paid
538843,16033,2010-12-14,paid
538844,14680,2010-12-14,paid
538845,16531,2010-12-14,paid
538846,14606,2010-12-14,paid
538848,17404,2010-12-14,paid
538849,14415,2010-12-14,paid
538850,16499,2010-12-14,paid
538851,16556,2010-12-14,paid
538852,17372,2010-12-14,paid
538853,16805,2010-12-14,paid
538854,13102,2010-12-14,paid
538855,16503,2010-12-14,paid
538856,14057,2010-12-14,paid
538857,15311,2010-12-14,paid
538858,16553,2010-12-14,paid
538859,16553,2010-12-14,paid
538860,17757,2010-12-14,paid
538862,16710,2010-12-14,paid
538863,16919,2010-12-14,paid
538864,17739,2010-12-14,paid
538865,13238,2010-12-14,paid
538866,17841,2010-12-14,paid
538868,17017,2010-12-14,paid
538869,15107,2010-12-14,paid
538870,12829,2010-12-14,paid
538871,14051,2010-12-14,paid
538872,13097,2010-12-14,paid
538875,13756,2010-12-14,paid
538878,13767,2010-12-14,paid
538879,15392,2010-12-14,paid
538886,13846,2010-12-14,paid
538888,17912,2010-12-14,paid
538890,12867,2010-12-14,paid
538892,16422,2010-12-14,paid
538894,16161,2010-12-14,paid
538895,14401,2010-12-15,paid
538896,16145,2010-12-15,paid
538899,16817,2010-12-15,paid
538900,13078,2010-12-15,paid
538901,17629,2010-12-15,paid
538902,14150,2010-12-15,paid
538903,13496,2010-12-15,paid
538905,13611,2010-12-15,paid
538907,15373,2010-12-15,paid
538908,16954,2010-12-15,paid
538909,13491,2010-12-15,paid
538910,17454,2010-12-15,paid
538917,17449,2010-12-15,paid
538935,18168,2010-12-15,paid
538942,17346,2010-12-15,paid
538943,14060,2010-12-15,paid
538944,13295,2010-12-15,paid
538945,17230,2010-12-15,paid
538951,16782,2010-12-15,paid
538967,13495,2010-12-15,paid
538968,15384,2010-12-15,paid
538991,17511,2010-12-15,paid
538992,15950,2010-12-15,paid
538993,15512,2010-12-15,paid
538994,17525,2010-12-15,paid
538995,13458,2010-12-15,paid
538996,15465,2010-12-15,paid
538998,15061,2010-12-15,paid
538999,16003,2010-12-15,paid
539000,13092,2010-12-15,paid
539001,16353,2010-12-15,paid
539002,14527,2010-12-15,paid
539004,13426,2010-12-15,paid
539005,16638,2010-12-15,paid
539006,15101,2010-12-15,paid
539007,17894,2010-12-15,paid
539008,17033,2010-12-15,paid
539009,13221,2010-12-15,paid
539010,15005,2010-12-15,paid
539011,14201,2010-12-15,paid
539012,17858,2010-12-15,paid
539014,17692,2010-12-15,paid
539015,15822,2010-12-15,paid
539016,13418,2010-12-15,paid
539017,13418,2010-12-15,paid
539018,16134,2010-12-15,paid
539019,17551,2010-12-15,paid
539030,13089,2010-12-15,paid
539032,18050,2010-12-15,paid
539033,16365,2010-12-15,paid
539034,16161,2010-12-15,paid
539036,14913,2010-12-15,paid
539038,15641,2010-12-15,paid
539039,13124,2010-12-15,paid
539040,17214,2010-12-15,paid
539041,15456,2010-12-15,paid
539042,15062,2010-12-15,paid
539043,12928,2010-12-15,paid
539044,15727,2010-12-15,paid
539046,17980,2010-12-15,paid
539047,15290,2010-12-15,paid
539048,17752,2010-12-15,paid
539049,15615,2010-12-15,paid
539050,12577,2010-12-15,paid
539051,15615,2010-12-15,paid
539052,15615,2010-12-15,paid
539053,16725,2010-12-15,paid
539056,16725,2010-12-15,paid
539064,17912,2010-12-15,paid
539075,17189,2010-12-15,paid
539076,16525,2010-12-16,paid
539077,13089,2010-12-16,paid
539078,13408,2010-12-16,paid
539079,17496,2010-12-16,paid
539080,16607,2010-12-16,paid
539082,13317,2010-12-16,paid
539083,13317,2010-12-16,paid
539084,13890,2010-12-16,paid
539085,12748,2010-12-16,paid
539086,17001,2010-12-16,paid
539087,13093,2010-12-16,paid
539088,13093,2010-12-16,paid
539089,15246,2010-12-16,paid
539091,13756,2010-12-16,paid
539092,15482,2010-12-16,paid
539093,15482,2010-12-16,paid
539094,13021,2010-12-16,paid
539095,16037,2010-12-16,paid
539096,13089,2010-12-16,paid
539098,14841,2010-12-16,paid
539099,16670,2010-12-16,paid
539101,16029,2010-12-16,paid
539102,16029,2010-12-16,paid
539103,16985,2010-12-16,paid
539105,14825,2010-12-16,paid
539106,16705,2010-12-16,paid
539107,16705,2010-12-16,paid
539108,16013,2010-12-16,paid
539109,16013,2010-12-16,paid
539111,14414,2010-12-16,paid
539112,13468,2010-12-16,paid
539113,12494,2010-12-16,paid
539118,15563,2010-12-16,paid
539142,14849,2010-12-16,paid
539143,14849,2010-12-16,paid
539144,12980,2010-12-16,paid
539160,16746,2010-12-16,paid
539181,12748,2010-12-16,paid
539185,16470,2010-12-16,paid
539196,18055,2010-12-16,paid
539201,14878,2010-12-16,paid
539211,16743,2010-12-16,paid
539212,17146,2010-12-16,paid
539213,12877,2010-12-16,paid
539214,17062,2010-12-16,paid
539215,15574,2010-12-16,paid
539216,12748,2010-12-16,paid
539217,15394,2010-12-16,paid
539218,15574,2010-12-16,paid
539219,17951,2010-12-16,paid
539222,14621,2010-12-16,paid
539225,15379,2010-12-16,paid
539226,14309,2010-12-16,paid
539240,15194,2010-12-16,paid
539243,18116,2010-12-16,paid
539246,14606,2010-12-16,paid
539247,15311,2010-12-16,paid
539248,17288,2010-12-16,paid
539249,14709,2010-12-16,paid
539250,15157,2010-12-16,paid
539252,17744,2010-12-16,paid
539254,13199,2010-12-16,paid
539255,16316,2010-12-16,paid
539256,15601,2010-12-16,paid
539257,16210,2010-12-16,paid
539259,13050,2010-12-16,paid
539261,15620,2010-12-16,paid
539262,15789,2010-12-16,paid
539263,16560,2010-12-16,paid
539264,15224,2010-12-16,paid
539266,17068,2010-12-16,paid
539267,13534,2010-12-16,paid
539268,13534,2010-12-16,paid
539269,17580,2010-12-16,paid
539272,15759,2010-12-16,paid
539275,13408,2010-12-16,paid
539280,14373,2010-12-16,paid
539281,18176,2010-12-16,paid
539282,16770,2010-12-16,paid
539283,14092,2010-12-16,paid
539285,15366,2010-12-16,paid
539286,14735,2010-12-16,paid
539288,17857,2010-12-16,paid
539290,16271,2010-12-16,paid
539292,16539,2010-12-16,paid
539293,18223,2010-12-16,paid
539294,15532,2010-12-16,paid
539295,13767,2010-12-16,paid
539296,16816,2010-12-16,paid
539297,17691,2010-12-16,paid
539298,14180,2010-12-16,paid
539299,14180,2010-12-16,paid
539303,16684,2010-12-16,paid
539304,16684,2010-12-16,paid
539305,14334,2010-12-16,paid
539306,17659,2010-12-16,paid
539307,13694,2010-12-16,paid
539308,17412,2010-12-16,paid
539309,16945,2010-12-16,paid
539310,14344,2010-12-16,paid
539311,14643,2010-12-16,paid
539312,15197,2010-12-16,paid
539313,14220,2010-12-16,paid
539314,13874,2010-12-16,paid
539315,18260,2010-12-16,paid
539316,17848,2010-12-16,paid
539317,17392,2010-12-16,paid
539318,12348,2010-12-16,paid
539319,12967,2010-12-16,paid
539320,14911,2010-12-16,paid
539321,14723,2010-12-16,paid
539322,14713,2010-12-16,paid
539324,14985,2010-12-16,paid
539325,13004,2010-12-17,paid
539326,14560,2010-12-17,paid
539327,12600,2010-12-17,paid
539328,13854,2010-12-17,paid
539330,12370,2010-12-17,paid
539331,16013,2010-12-17,paid
539332,12931,2010-12-17,paid
539333,13627,2010-12-17,paid
539334,12748,2010-12-17,paid
539335,15291,2010-12-17,paid
539336,17790,2010-12-17,paid
539338,17404,2010-12-17,paid
539351,12551,2010-12-17,paid
539353,12782,2010-12-17,paid
539374,14769,2010-12-17,paid
539379,15780,2010-12-17,paid
539391,12417,2010-12-17,paid
539395,12471,2010-12-17,paid
539398,12471,2010-12-17,paid
539400,12971,2010-12-17,paid
539401,12709,2010-12-17,paid
539403,12647,2010-12-17,paid
539404,17315,2010-12-17,paid
539405,12621,2010-12-17,paid
539406,16711,2010-12-17,paid
539407,12726,2010-12-17,paid
539408,12720,2010-12-17,paid
539410,16353,2010-12-17,paid
539411,14243,2010-12-17,paid
539414,16931,2010-12-17,paid
539415,15204,2010-12-17,paid
539416,17888,2010-12-17,paid
539417,17007,2010-12-17,paid
539418,17007,2010-12-17,paid
539419,12431,2010-12-17,paid
539420,15160,2010-12-17,paid
539421,14016,2010-12-17,paid
539422,13033,2010-12-17,paid
539423,15811,2010-12-17,paid
539435,12691,2010-12-17,paid
539439,13869,2010-12-17,paid
539440,16607,2010-12-17,paid
539442,16558,2010-12-17,paid
539443,14031,2010-12-17,paid
539444,14146,2010-12-17,paid
539445,17865,2010-12-17,paid
539446,12705,2010-12-17,paid
539447,12395,2010-12-17,paid
539450,15570,2010-12-17,paid
539452,15856,2010-12-17,paid
539454,17377,2010-12-17,paid
539455,12748,2010-12-17,paid
539456,16885,2010-12-17,paid
539459,12839,2010-12-17,paid
539460,12931,2010-12-17,paid
539461,17243,2010-12-19,paid
539462,14032,2010-12-19,paid
539463,18077,2010-12-19,paid
539464,17913,2010-12-19,paid
539465,16684,2010-12-19,paid
539466,12668,2010-12-19,paid
539468,15044,2010-12-19,paid
539469,17841,2010-12-19,paid
539470,14472,2010-12-19,paid
539471,17358,2010-12-19,paid
539472,15581,2010-12-19,paid
539473,14911,2010-12-19,paid
539474,15581,2010-12-19,paid
539475,16686,2010-12-19,paid
539477,18245,2010-12-19,paid
539478,17343,2010-12-19,paid
539483,17218,2010-12-19,paid
539484,15640,2010-12-19,paid
539487,16153,2010-12-20,paid
539488,12377,2010-12-20,paid
539489,16684,2010-12-20,paid
539490,17069,2010-12-20,paid
539491,14646,2010-12-20,paid
539496,13050,2010-12-20,paid
539497,12944,2010-12-20,paid
539498,15279,2010-12-20,paid
539501,17085,2010-12-20,paid
539502,14099,2010-12-20,paid
539551,12721,2010-12-20,paid
539561,16422,2010-12-20,paid
539564,18092,2010-12-20,paid
539567,13104,2010-12-20,paid
539570,15078,2010-12-20,paid
539571,15078,2010-12-20,paid
539572,14113,2010-12-20,paid
539578,13027,2010-12-20,paid
539579,16713,2010-12-20,paid
539580,15312,2010-12-20,paid
539581,16143,2010-12-20,paid
539586,14298,2010-12-20,paid
539587,14298,2010-12-20,paid
539588,14527,2010-12-20,paid
539590,14733,2010-12-20,paid
539591,14062,2010-12-20,paid
539592,13319,2010-12-20,paid
539593,13319,2010-12-20,paid
539594,17621,2010-12-20,paid
539597,17090,2010-12-20,paid
539604,16353,2010-12-20,paid
539607,12681,2010-12-20,paid
539609,15527,2010-12-20,paid
539610,14606,2010-12-20,paid
539628,18097,2010-12-20,paid
539629,14062,2010-12-20,paid
539630,17230,2010-12-20,paid
539633,17230,2010-12-20,paid
539634,17230,2010-12-20,paid
539635,14051,2010-12-20,paid
539636,12481,2010-12-20,paid
539637,14083,2010-12-20,paid
539639,14083,2010-12-20,paid
539641,15311,2010-12-20,paid
539642,15867,2010-12-20,paid
539645,17230,2010-12-20,paid
539646,17230,2010-12-20,paid
539647,15460,2010-12-20,paid
539653,13564,2010-12-20,paid
539654,17340,2010-12-20,paid
539658,17213,2010-12-21,paid
539659,15034,2010-12-21,paid
539660,15581,2010-12-21,paid
539662,14135,2010-12-21,paid
539663,17961,2010-12-21,paid
539664,14135,2010-12-21,paid
539666,16029,2010-12-21,paid
539675,12971,2010-12-21,paid
539676,12423,2010-12-21,paid
539688,12678,2010-12-21,paid
539716,17990,2010-12-21,paid
539717,15208,2010-12-21,paid
539720,16996,2010-12-21,paid
539721,17306,2010-12-21,paid
539722,14911,2010-12-21,paid
539723,14737,2010-12-21,paid
539724,13029,2010-12-21,paid
539725,17211,2010-12-21,paid
539727,12678,2010-12-21,paid
539728,16270,2010-12-21,paid
539730,13487,2010-12-21,paid
539731,14646,2010-12-21,paid
539732,16996,2010-12-21,paid
539752,12515,2010-12-21,paid
539754,12748,2010-12-21,paid
539755,17961,2010-12-21,paid
539760,17400,2010-12-21,paid
539761,17593,2010-12-22,paid
539762,13953,2010-12-22,paid
539764,14533,2010-12-22,paid
539766,14092,2010-12-22,paid
539826,15044,2010-12-22,paid
539828,15044,2010-12-22,paid
539829,12734,2010-12-22,paid
539831,14606,2010-12-22,paid
539835,16477,2010-12-22,paid
539836,17894,2010-12-22,paid
539837,14532,2010-12-22,paid
539840,12383,2010-12-22,paid
539858,18092,2010-12-22,paid
539859,17905,2010-12-22,paid
539864,15562,2010-12-23,paid
539865,15587,2010-12-23,paid
539867,13922,2010-12-23,paid
539920,14085,2010-12-23,paid
539921,12748,2010-12-23,paid
539933,15235,2010-12-23,paid
539946,13817,2010-12-23,paid
539953,12748,2010-12-23,paid
539954,13777,2010-12-23,paid
539957,12585,2010-12-23,paid
539978,13165,2010-12-23,paid
539981,13304,2010-12-23,paid
539982,15311,2010-12-23,paid
539984,14911,2010-12-23,paid
539985,15856,2010-12-23,paid
539987,12748,2010-12-23,paid
539988,18116,2010-12-23,paid
539993,13313,2011-01-04,paid
540001,18097,2011-01-04,paid
540002,16656,2011-01-04,paid
540003,16875,2011-01-04,paid
540004,13094,2011-01-04,paid
540005,17315,2011-01-04,paid
540013,16255,2011-01-04,paid
540014,14606,2011-01-04,paid
540015,13319,2011-01-04,paid
540016,16282,2011-01-04,paid
540017,13963,2011-01-04,paid
540019,12957,2011-01-04,paid
540020,14462,2011-01-04,paid
540021,17841,2011-01-04,paid
540022,17188,2011-01-04,paid
540023,15039,2011-01-04,paid
540024,15039,2011-01-04,paid
540025,17428,2011-01-04,paid
540027,14210,2011-01-04,paid
540028,14180,2011-01-04,paid
540029,16029,2011-01-04,paid
540031,17975,2011-01-04,paid
540032,13397,2011-01-04,paid
540033,13680,2011-01-04,paid
540040,12483,2011-01-04,paid
540043,15164,2011-01-04,paid
540059,17457,2011-01-04,paid
540060,14732,2011-01-04,paid
540073,16814,2011-01-04,paid
540093,16725,2011-01-04,paid
540094,14221,2011-01-04,paid
540095,14553,2011-01-04,paid
540096,13253,2011-01-04,paid
540098,16241,2011-01-04,paid
540099,15808,2011-01-04,paid
540113,13126,2011-01-05,paid
540114,15498,2011-01-05,paid
540115,15235,2011-01-05,paid
540120,17675,2011-01-05,paid
540121,16145,2011-01-05,paid
540122,13694,2011-01-05,paid
540126,13798,2011-01-05,paid
540130,13798,2011-01-05,paid
540146,15002,2011-01-05,paid
540148,14189,2011-01-05,paid
540149,12921,2011-01-05,paid
540153,15841,2011-01-05,paid
540157,15311,2011-01-05,paid
540159,16112,2011-01-05,paid
540160,15769,2011-01-05,paid
540161,16719,2011-01-05,paid
540162,13089,2011-01-05,paid
540163,13089,2011-01-05,paid
540166,13629,2011-01-05,paid
540167,16600,2011-01-05,paid
540168,13715,2011-01-05,paid
540169,14527,2011-01-05,paid
540170,13767,2011-01-05,paid
540172,18109,2011-01-05,paid
540173,15661,2011-01-05,paid
540174,16353,2011-01-05,paid
540175,16532,2011-01-05,paid
540176,17511,2011-01-05,paid
540178,12681,2011-01-05,paid
540179,16033,2011-01-05,paid
540180,15984,2011-01-05,paid
540181,13199,2011-01-05,paid
540182,14739,2011-01-05,paid
540183,15093,2011-01-05,paid
540184,15266,2011-01-05,paid
540185,14653,2011-01-05,paid
540187,15358,2011-01-05,paid
540188,16771,2011-01-05,paid
540239,12682,2011-01-05,paid
540240,17585,2011-01-05,paid
540242,15046,2011-01-05,paid
540245,13082,2011-01-05,paid
540247,15464,2011-01-05,paid
540248,15034,2011-01-05,paid
540249,15298,2011-01-05,paid
540251,12748,2011-01-05,paid
540253,13225,2011-01-05,paid
540257,12748,2011-01-05,paid
540258,14045,2011-01-06,paid
540259,18226,2011-01-06,paid
540260,13097,2011-01-06,paid
540261,13089,2011-01-06,paid
540262,14045,2011-01-06,paid
540263,18062,2011-01-06,paid
540264,17949,2011-01-06,paid
540265,15271,2011-01-06,paid
540267,12415,2011-01-06,paid
540268,13458,2011-01-06,paid
540269,14135,2011-01-06,paid
540273,17368,2011-01-06,paid
540274,14618,2011-01-06,paid
540275,13680,2011-01-06,paid
540276,14680,2011-01-06,paid
540277,14258,2011-01-06,paid
540278,15719,2011-01-06,paid
540279,13368,2011-01-06,paid
540280,12386,2011-01-06,paid
540288,17634,2011-01-06,paid
540316,16676,2011-01-06,paid
540345,14299,2011-01-06,paid
540348,12841,2011-01-06,paid
540349,15379,2011-01-06,paid
540350,18283,2011-01-06,paid
540351,12735,2011-01-06,paid
540353,13764,2011-01-06,paid
540354,13576,2011-01-06,paid
540357,13093,2011-01-06,paid
540358,13599,2011-01-06,paid
540359,18041,2011-01-06,paid
540361,13408,2011-01-06,paid
540362,13656,2011-01-06,paid
540363,12971,2011-01-06,paid
540364,14505,2011-01-06,paid
540365,12413,2011-01-06,paid
540370,13094,2011-01-06,paid
540371,14312,2011-01-06,paid
540372,13081,2011-01-06,paid
540373,13280,2011-01-06,paid
540374,15845,2011-01-06,paid
540383,16422,2011-01-06,paid
540387,16306,2011-01-06,paid
540395,14702,2011-01-06,paid
540396,14031,2011-01-06,paid
540397,13187,2011-01-06,paid
540399,14047,2011-01-07,paid
540401,16013,2011-01-07,paid
540402,16567,2011-01-07,paid
540404,12947,2011-01-07,paid
540405,14828,2011-01-07,paid
540406,13798,2011-01-07,paid
540407,16839,2011-01-07,paid
540408,16013,2011-01-07,paid
540409,16019,2011-01-07,paid
540410,12530,2011-01-07,paid
540411,16551,2011-01-07,paid
540412,13842,2011-01-07,paid
540413,15194,2011-01-07,paid
540414,12481,2011-01-07,paid
540415,16889,2011-01-07,paid
540416,16473,2011-01-07,paid
540420,12829,2011-01-07,paid
540452,13750,2011-01-07,paid
540453,13426,2011-01-07,paid
540454,16191,2011-01-07,paid
540455,12583,2011-01-07,paid
540456,13534,2011-01-07,paid
540457,14217,2011-01-07,paid
540458,12501,2011-01-07,paid
540459,16191,2011-01-07,paid
540460,15607,2011-01-07,paid
540461,15139,2011-01-07,paid
540462,16779,2011-01-07,paid
540463,12489,2011-01-07,paid
540464,14298,2011-01-07,paid
540465,17707,2011-01-07,paid
540466,15649,2011-01-07,paid
540467,18198,2011-01-07,paid
540469,12484,2011-01-07,paid
540471,15601,2011-01-07,paid
540472,18179,2011-01-07,paid
540473,17284,2011-01-07,paid
540475,15311,2011-01-07,paid
540477,13233,2011-01-07,paid
540478,15769,2011-01-07,paid
540479,14889,2011-01-07,paid
540480,12480,2011-01-07,paid
540481,16955,2011-01-07,paid
540482,14672,2011-01-07,paid
540489,13593,2011-01-07,paid
540493,14867,2011-01-07,paid
540496,15485,2011-01-07,paid
540498,17243,2011-01-09,paid
540499,16923,2011-01-09,paid
540500,15465,2011-01-09,paid
540501,13162,2011-01-09,paid
540502,13183,2011-01-09,paid
540504,13668,2011-01-09,paid
540505,17095,2011-01-09,paid
540506,17796,2011-01-09,paid
540507,12939,2011-01-09,paid
540508,14810,2011-01-09,paid
540509,14800,2011-01-09,paid
540510,15611,2011-01-09,paid
540511,14472,2011-01-09,paid
540512,17114,2011-01-09,paid
540513,13758,2011-01-09,paid
540514,15708,2011-01-09,paid
540515,15059,2011-01-09,paid
540516,16326,2011-01-09,paid
540517,17128,2011-01-09,paid
540518,14761,2011-01-09,paid
540519,12793,2011-01-09,paid
540520,17555,2011-01-09,paid
540521,12651,2011-01-09,paid
540522,13102,2011-01-09,paid
540523,13069,2011-01-09,paid
540524,16735,2011-01-09,paid
540525,16833,2011-01-09,paid
540526,14606,2011-01-09,paid
540528,17800,2011-01-09,paid
540529,16748,2011-01-09,paid
540530,14755,2011-01-09,paid
540531,16549,2011-01-09,paid
540532,14702,2011-01-09,paid
540533,15005,2011-01-09,paid
540534,12971,2011-01-09,paid
540536,17757,2011-01-09,paid
540537,13565,2011-01-09,paid
540538,17841,2011-01-09,paid
540539,18260,2011-01-09,paid
540540,17218,2011-01-09,paid
540541,15799,2011-01-09,paid
C536379,14527,2010-12-01,canceled
C536383,15311,2010-12-01,canceled
C536391,17548,2010-12-01,canceled
C536506,17897,2010-12-01,canceled
C536543,17841,2010-12-01,canceled
C536548,12472,2010-12-01,canceled
C536606,14092,2010-12-02,canceled
C536622,12471,2010-12-02,canceled
C536625,14766,2010-12-02,canceled
C536642,14390,2010-12-02,canceled
C536734,16042,2010-12-02,canceled
C536737,15922,2010-12-02,canceled
C536757,15838,2010-12-02,canceled
C536758,13767,2010-12-02,canceled
C536760,17547,2010-12-02,canceled
C536807,15834,2010-12-02,canceled
C536812,16546,2010-12-02,canceled
C536814,13958,2010-12-02,canceled
C536815,14443,2010-12-02,canceled
C536816,14443,2010-12-02,canceled
C536817,14156,2010-12-02,canceled
C536818,16995,2010-12-02,canceled
C536820,18168,2010-12-02,canceled
C536822,14625,2010-12-02,canceled
C536825,15384,2010-12-02,canceled
C536826,17924,2010-12-02,canceled
C536827,13408,2010-12-02,canceled
C536828,14264,2010-12-02,canceled
C536829,13295,2010-12-02,canceled
C536850,14213,2010-12-03,canceled
C536853,14679,2010-12-03,canceled
C536854,15240,2010-12-03,canceled
C536855,18225,2010-12-03,canceled
C536978,17954,2010-12-03,canceled
C536979,17841,2010-12-03,canceled
C537024,13941,2010-12-03,canceled
C537039,15708,2010-12-05,canceled
C537043,15351,2010-12-05,canceled
C537132,15221,2010-12-05,canceled
C537143,12748,2010-12-05,canceled
C537157,15880,2010-12-05,canceled
C537164,14527,2010-12-05,canceled
C537203,14606,2010-12-05,canceled
C537232,12586,2010-12-06,canceled
C537234,16161,2010-12-06,canceled
C537314,13497,2010-12-06,canceled
C537320,14867,2010-12-06,canceled
C537333,12474,2010-12-06,canceled
C537373,14487,2010-12-06,canceled
C537379,15882,2010-12-06,canceled
C537383,16550,2010-12-06,canceled
C537398,15426,2010-12-06,canceled
C537402,15502,2010-12-06,canceled
C537406,15502,2010-12-06,canceled
C537408,15502,2010-12-06,canceled
C537413,14409,2010-12-06,canceled
C537414,16861,2010-12-06,canceled
C537416,16138,2010-12-06,canceled
C537417,13481,2010-12-06,canceled
C537431,16782,2010-12-06,canceled
C537444,14850,2010-12-07,canceled
C537445,15021,2010-12-07,canceled
C537530,13319,2010-12-07,canceled
C537596,17954,2010-12-07,canceled
C537597,15498,2010-12-07,canceled
C537602,17511,2010-12-07,canceled
C537611,17675,2010-12-07,canceled
C537656,15100,2010-12-07,canceled
C537677,14796,2010-12-08,canceled
C537684,14901,2010-12-08,canceled
C537746,15021,2010-12-08,canceled
C537756,14952,2010-12-08,canceled
C537763,16713,2010-12-08,canceled
C537788,15916,2010-12-08,canceled
C537797,13113,2010-12-08,canceled
C537798,16553,2010-12-08,canceled
C537805,15311,2010-12-08,canceled
C537807,13495,2010-12-08,canceled
C537812,14299,2010-12-08,canceled
C537814,12712,2010-12-08,canceled
C537820,16016,2010-12-08,canceled
C537821,18193,2010-12-08,canceled
C537824,12870,2010-12-08,canceled
C537832,16858,2010-12-08,canceled
C537834,13267,2010-12-08,canceled
C537835,14618,2010-12-08,canceled
C537838,13115,2010-12-08,canceled
C537853,13370,2010-12-08,canceled
C537856,14388,2010-12-08,canceled
C537857,17340,2010-12-08,canceled
C537860,16252,2010-12-08,canceled
C537893,12721,2010-12-09,canceled
C537998,17411,2010-12-09,canceled
C538052,15181,2010-12-09,canceled
C538059,14205,2010-12-09,canceled
C538062,17702,2010-12-09,canceled
C538066,15738,2010-12-09,canceled
C538075,13021,2010-12-09,canceled
C538081,16898,2010-12-09,canceled
C538082,13777,2010-12-09,canceled
C538083,15750,2010-12-09,canceled
C538084,12649,2010-12-09,canceled
C538085,16350,2010-12-09,canceled
C538088,14766,2010-12-09,canceled
C538089,18230,2010-12-09,canceled
C538091,16499,2010-12-09,canceled
C538098,14441,2010-12-09,canceled
C538099,15279,2010-12-09,canceled
C538100,16579,2010-12-09,canceled
C538102,14047,2010-12-09,canceled
C538103,17442,2010-12-09,canceled
C538105,16781,2010-12-09,canceled
C538109,16042,2010-12-09,canceled
C538110,17307,2010-12-09,canceled
C538111,17950,2010-12-09,canceled
C538112,14898,2010-12-09,canceled
C538114,14217,2010-12-09,canceled
C538115,16817,2010-12-09,canceled
C538118,17700,2010-12-09,canceled
C538119,13136,2010-12-09,canceled
C538121,15535,2010-12-09,canceled
C538122,14696,2010-12-09,canceled
C538123,12605,2010-12-09,canceled
C538124,15329,2010-12-09,canceled
C538164,14031,2010-12-09,canceled
C538314,15514,2010-12-10,canceled
C538341,15514,2010-12-10,canceled
C538344,13448,2010-12-10,canceled
C538350,13798,2010-12-10,canceled
C538357,13798,2010-12-10,canceled
C538362,15179,2010-12-10,canceled
C538372,16923,2010-12-12,canceled
C538373,16779,2010-12-12,canceled
C538375,17126,2010-12-12,canceled
C538376,16393,2010-12-12,canceled
C538377,15224,2010-12-12,canceled
C538463,17085,2010-12-12,canceled
C538500,13715,2010-12-12,canceled
C538530,14796,2010-12-13,canceled
C538531,13715,2010-12-13,canceled
C538536,15881,2010-12-13,canceled
C538595,15555,2010-12-13,canceled
C538628,17231,2010-12-13,canceled
C538632,14085,2010-12-13,canceled
C538642,12476,2010-12-13,canceled
C538643,12476,2010-12-13,canceled
C538647,15808,2010-12-13,canceled
C538650,15311,2010-12-13,canceled
C538670,13448,2010-12-13,canceled
C538684,16161,2010-12-14,canceled
C538690,13802,2010-12-14,canceled
C538691,14176,2010-12-14,canceled
C538692,13599,2010-12-14,canceled
C538693,16558,2010-12-14,canceled
C538694,16143,2010-12-14,canceled
C538695,14032,2010-12-14,canceled
C538696,13050,2010-12-14,canceled
C538698,13329,2010-12-14,canceled
C538699,16422,2010-12-14,canceled
C538700,16499,2010-12-14,canceled
C538701,16863,2010-12-14,canceled
C538702,13008,2010-12-14,canceled
C538703,17519,2010-12-14,canceled
C538704,14206,2010-12-14,canceled
C538705,15093,2010-12-14,canceled
C538711,15468,2010-12-14,canceled
C538712,17677,2010-12-14,canceled
C538713,16570,2010-12-14,canceled
C538717,18141,2010-12-14,canceled
C538718,15602,2010-12-14,canceled
C538720,17526,2010-12-14,canceled
C538723,12434,2010-12-14,canceled
C538725,16955,2010-12-14,canceled
C538726,13078,2010-12-14,canceled
C538734,16810,2010-12-14,canceled
C538742,13599,2010-12-14,canceled
C538745,16722,2010-12-14,canceled
C538749,15713,2010-12-14,canceled
C538755,16782,2010-12-14,canceled
C538763,17722,2010-12-14,canceled
C538768,14829,2010-12-14,canceled
C538771,13078,2010-12-14,canceled
C538794,14907,2010-12-14,canceled
C538798,17041,2010-12-14,canceled
C538802,17017,2010-12-14,canceled
C538803,16262,2010-12-14,canceled
C538804,13769,2010-12-14,canceled
C538805,14708,2010-12-14,canceled
C538806,15181,2010-12-14,canceled
C538813,14606,2010-12-14,canceled
C538833,14680,2010-12-14,canceled
C538834,14415,2010-12-14,canceled
C538847,17404,2010-12-14,canceled
C538874,12867,2010-12-14,canceled
C538876,16499,2010-12-14,canceled
C538882,12797,2010-12-14,canceled
C538887,13198,2010-12-14,canceled
C538889,12797,2010-12-14,canceled
C538891,16233,2010-12-14,canceled
C538897,16422,2010-12-15,canceled
C538898,15078,2010-12-15,canceled
C538904,18168,2010-12-15,canceled
C538971,12865,2010-12-15,canceled
C538997,14426,2010-12-15,canceled
C539003,14527,2010-12-15,canceled
C539031,12647,2010-12-15,canceled
C539035,15535,2010-12-15,canceled
C539037,12666,2010-12-15,canceled
C539054,17044,2010-12-15,canceled
C539055,13829,2010-12-15,canceled
C539057,18230,2010-12-15,canceled
C539058,17633,2010-12-15,canceled
C539059,14829,2010-12-15,canceled
C539063,15107,2010-12-15,canceled
C539065,14898,2010-12-15,canceled
C539066,17912,2010-12-15,canceled
C539067,15194,2010-12-15,canceled
C539068,13266,2010-12-15,canceled
C539069,12947,2010-12-15,canceled
C539071,17820,2010-12-15,canceled
C539072,15664,2010-12-15,canceled
C539073,12971,2010-12-15,canceled
C539090,16996,2010-12-16,canceled
C539097,12621,2010-12-16,canceled
C539100,16996,2010-12-16,canceled
C539104,12494,2010-12-16,canceled
C539110,16470,2010-12-16,canceled
C539114,12494,2010-12-16,canceled
C539191,17062,2010-12-16,canceled
C539195,12748,2010-12-16,canceled
C539221,14911,2010-12-16,canceled
C539224,17377,2010-12-16,canceled
C539244,14606,2010-12-16,canceled
C539251,17213,2010-12-16,canceled
C539253,17188,2010-12-16,canceled
C539258,16233,2010-12-16,canceled
C539260,15100,2010-12-16,canceled
C539270,14777,2010-12-16,canceled
C539271,14639,2010-12-16,canceled
C539273,13209,2010-12-16,canceled
C539274,13408,2010-12-16,canceled
C539276,16503,2010-12-16,canceled
C539277,15777,2010-12-16,canceled
C539278,18269,2010-12-16,canceled
C539279,13267,2010-12-16,canceled
C539284,16770,2010-12-16,canceled
C539287,17655,2010-12-16,canceled
C539289,18065,2010-12-16,canceled
C539291,18075,2010-12-16,canceled
C539301,13496,2010-12-16,canceled
C539302,15392,2010-12-16,canceled
C539329,16013,2010-12-17,canceled
C539402,17315,2010-12-17,canceled
C539409,12720,2010-12-17,canceled
C539438,16607,2010-12-17,canceled
C539448,15157,2010-12-17,canceled
C539467,15044,2010-12-19,canceled
C539476,16686,2010-12-19,canceled
C539486,18256,2010-12-20,canceled
C539499,15312,2010-12-20,canceled
C539565,14113,2010-12-20,canceled
C539566,16705,2010-12-20,canceled
C539568,13267,2010-12-20,canceled
C539569,17204,2010-12-20,canceled
C539573,14107,2010-12-20,canceled
C539574,16713,2010-12-20,canceled
C539575,13089,2010-12-20,canceled
C539576,14911,2010-12-20,canceled
C539577,17924,2010-12-20,canceled
C539589,14527,2010-12-20,canceled
C539596,13694,2010-12-20,canceled
C539598,14299,2010-12-20,canceled
C539599,17951,2010-12-20,canceled
C539600,13329,2010-12-20,canceled
C539601,14119,2010-12-20,canceled
C539602,13369,2010-12-20,canceled
C539603,14911,2010-12-20,canceled
C539605,13050,2010-12-20,canceled
C539606,16145,2010-12-20,canceled
C539608,16873,2010-12-20,canceled
C539632,17230,2010-12-20,canceled
C539640,15311,2010-12-20,canceled
C539644,12471,2010-12-20,canceled
C539655,13089,2010-12-20,canceled
C539657,16134,2010-12-20,canceled
C539661,12971,2010-12-21,canceled
C539667,13148,2010-12-21,canceled
C539707,18223,2010-12-21,canceled
C539709,18176,2010-12-21,canceled
C539710,14769,2010-12-21,canceled
C539711,13319,2010-12-21,canceled
C539712,15602,2010-12-21,canceled
C539719,14643,2010-12-21,canceled
C539726,17007,2010-12-21,canceled
C539827,15044,2010-12-22,canceled
C539830,14944,2010-12-22,canceled
C539832,17239,2010-12-22,canceled
C539838,13458,2010-12-22,canceled
C539857,15358,2010-12-22,canceled
C539866,12427,2010-12-23,canceled
C539943,14032,2010-12-23,canceled
C539944,14560,2010-12-23,canceled
C539945,17069,2010-12-23,canceled
C539947,13854,2010-12-23,canceled
C539949,17581,2010-12-23,canceled
C539950,13534,2010-12-23,canceled
C539956,12980,2010-12-23,canceled
C539983,15856,2010-12-23,canceled
C540006,14606,2011-01-04,canceled
C540007,15379,2011-01-04,canceled
C540030,16029,2011-01-04,canceled
C540057,12483,2011-01-04,canceled
C540097,15373,2011-01-04,canceled
C540109,17389,2011-01-04,canceled
C540112,15973,2011-01-04,canceled
C540129,12578,2011-01-05,canceled
C540142,12782,2011-01-05,canceled
C540151,12494,2011-01-05,canceled
C540152,12395,2011-01-05,canceled
C540156,12683,2011-01-05,canceled
C540158,12471,2011-01-05,canceled
C540164,14911,2011-01-05,canceled
C540165,18109,2011-01-05,canceled
C540171,14527,2011-01-05,canceled
C540177,16316,2011-01-05,canceled
C540243,12585,2011-01-05,canceled
C540244,17213,2011-01-05,canceled
C540246,13081,2011-01-05,canceled
C540250,17511,2011-01-05,canceled
C540270,14680,2011-01-06,canceled
C540271,12503,2011-01-06,canceled
C540307,15823,2011-01-06,canceled
C540346,12471,2011-01-06,canceled
C540347,16424,2011-01-06,canceled
C540360,18041,2011-01-06,canceled
C540366,15061,2011-01-06,canceled
C540367,12413,2011-01-06,canceled
C540376,13488,2011-01-06,canceled
C540377,16656,2011-01-06,canceled
C540378,13715,2011-01-06,canceled
C540379,15101,2011-01-06,canceled
C540380,16094,2011-01-06,canceled
C540381,16705,2011-01-06,canceled
C540382,12957,2011-01-06,canceled
C540384,14961,2011-01-06,canceled
C540385,14426,2011-01-06,canceled
C540386,12417,2011-01-06,canceled
C540388,13115,2011-01-06,canceled
C540389,14426,2011-01-06,canceled
C540390,16191,2011-01-06,canceled
C540391,13047,2011-01-06,canceled
C540392,12753,2011-01-06,canceled
C540393,17428,2011-01-06,canceled
C540394,17696,2011-01-06,canceled
C540398,14047,2011-01-07,canceled
C540400,16150,2011-01-07,canceled
C540403,17230,2011-01-07,canceled
C540417,13680,2011-01-07,canceled
C540470,14505,2011-01-07,canceled
C540503,13668,2011-01-09,canceled
C540527,14606,2011-01-09,canceled
C540535,15005,2011-01-09,canceled
